{
  "network": "devnet",
  "programId": "SJL8TzuoUi8LvNSD3jeoYxtrVTcdNUdWFTe17JAgCgB",
  "learnConfigPda": "2g7FAakcVcJ61jDrdBmot3otNVaCi5TxCAGGHN8GUw3f",
  "admin": "3ZhvP2L97rjVXE89PdthCtAZHzMJmxiheueXbjExM6SQ",
  "tngMint": "FMACx4PexHrMux1j2RLHW6fBc5PuCrzi2LV7bEqUKygs",
  "deployedAt": "2025-01-04T15:30:00.000Z",
  "status": "initialized",
  "note": "Contract updated - now uses NEW TNG mint with sponsor as mint authority",
  "explorerUrls": {
    "program": "https://explorer.solana.com/address/SJL8TzuoUi8LvNSD3jeoYxtrVTcdNUdWFTe17JAgCgB?cluster=devnet",
    "config": "https://explorer.solana.com/address/2g7FAakcVcJ61jDrdBmot3otNVaCi5TxCAGGHN8GUw3f?cluster=devnet",
    "transaction": "https://explorer.solana.com/tx/5MKQR2rC9J82ua1eg9JdFX8YyBiQk5WmPWpNmC2jQmmBTGA2eM5oUD5PExfmfvn7JZVfZNJbwFZtHEV1XUzY4js9?cluster=devnet"
  }
}