{
  "programId": "FWfcH4Zcp8HztJFqui3wX3AkG9XjV9PoKnNPCgsctSVV",
  "farmingPoolPda": "2gc1fLAU6gf3nMQWGEQBzXN2n7ynu2C3d6AA715rcbPC",
  "bump": 255,
  "tngMint": "FMACx4PexHrMux1j2RLHW6fBc5PuCrzi2LV7bEqUKygs",
  "otherMint": "So11111111111111111111111111111111111111112",
  "tngVault": "6yeZKi7u5x9uGXwKnA8tz2rWqN8aGQdAUvdHRh6YVm8m",
  "otherVault": "68N5exsNAHAWYTEWnDWhZib8of7NRyxuVTCVmydiNYjd",
  "rewardVault": "6yeZKi7u5x9uGXwKnA8tz2rWqN8aGQdAUvdHRh6YVm8m",
  "lpMint": "3U21D8nY13AJtg2RsRwqAV8dbC9EfSBEoXHwr85SXvc3",
  "authority": "HdRqEZL3sm6ZVrwMTfYeUbK1jftMfP3YNPxsXzc1MtMA",
  "network": "devnet",
  "status": "not_initialized",
  "note": "Pool exists in code but not initialized in devnet due to insufficient SOL",
  "deployedAt": "2025-01-04T04:00:00.000Z",
  "explorerUrls": {
    "program": "https://explorer.solana.com/address/FWfcH4Zcp8HztJFqui3wX3AkG9XjV9PoKnNPCgsctSVV?cluster=devnet",
    "farmingPool": "https://explorer.solana.com/address/2gc1fLAU6gf3nMQWGEQBzXN2n7ynu2C3d6AA715rcbPC?cluster=devnet"
  }
}
