{
  "programId": "12wefd8c4mZ1YzuYLAzVJWge5hZx2Ey96fdpVSxRTC9F",
  "farmingPoolPda": "AYKPNXxdV8CqeWwmDeovX61qNvzb174VhN4hPy2fMUqA",
  "bump": 255,
  "tngMint": "FMACx4PexHrMux1j2RLHW6fBc5PuCrzi2LV7bEqUKygs",
  "otherMint": "So11111111111111111111111111111111111111112",
  "tngVault": "F3s5FZTQzP8pc7Qf1BbD6VpgvkEdvNrhd5knvt31XpHu",
  "otherVault": "9vSCGHC4HM5xqMZ9yr91Ut7TT96FmGiABhipNYFF5UvM",
  "rewardVault": "FeVQL35iSpDszfQLzLCVepMz7PcJkAG5kuers9xruGQN",
  "lpMint": "XCcAowAymRjeB7PG94XYfhQCJxnbYCDFq1bogfWyLSp",
  "authority": "3ZhvP2L97rjVXE89PdthCtAZHzMJmxiheueXbjExM6SQ",
  "network": "devnet",
  "status": "deployed",
  "note": "Farming contract is deployed and ready for pool initialization - FIXED PDA addresses",
  "deployedAt": "2025-01-04T04:00:00.000Z",
  "explorerUrls": {
    "program": "https://explorer.solana.com/address/12wefd8c4mZ1YzuYLAzVJWge5hZx2Ey96fdpVSxRTC9F?cluster=devnet",
    "farmingPool": "https://explorer.solana.com/address/AYKPNXxdV8CqeWwmDeovX61qNvzb174VhN4hPy2fMUqA?cluster=devnet"
  }
}
