{
  "programId": "ArBvk3DQtxKES6EbdhequHQKKKYjhMFp7S8ob8Q5inHg",
  "stakingPoolPda": "9qorAZnqV5VtutPif3NWP8W9Wz3o7KWmjw7NpHPChf8D",
  "bump": 254,
  "vault": "8cpbsnabCcAXDtTixV2xEENEXm33hBMGA72D3GgvULUM",
  "tngMint": "FMACx4PexHrMux1j2RLHW6fBc5PuCrzi2LV7bEqUKygs",
  "stngMint": "2R6DUNNim4DoaArB4qdjaz9UcsndKjv9YLmkyWGcsvsk",
  "authority": "3ZhvP2L97rjVXE89PdthCtAZHzMJmxiheueXbjExM6SQ",
  "network": "devnet",
  "initTx": "2f2jtyTtHk5ZRFjRZ7diJPKrJbirtGgtoJtBGGKAjtt4btwiQQcjX7mmKr1Nagf1VLANCBBrYur3G2BgH5LE4aKo",
  "explorerUrl": "https://explorer.solana.com/tx/2f2jtyTtHk5ZRFjRZ7diJPKrJbirtGgtoJtBGGKAjtt4btwiQQcjX7mmKr1Nagf1VLANCBBrYur3G2BgH5LE4aKo?cluster=devnet",
  "deployedAt": "2025-09-08T08:26:12.444Z",
  "updateStngMintTx": "4r8d96fpZurriiXWqxoEPmHBDN1f3YNSmsDQ9SpAH8h3f2EpvP47aT52QnZiigcnX4LLsFczJj64Duu9fX9kURw9",
  "updatedAt": "2025-09-08T10:28:12.354Z"
}