{
  "network": "devnet",
  "programId": "FWfcH4Zcp8HztJFqui3wX3AkG9XjV9PoKnNPCgsctSVV",
  "swapPool": "5jSsT5nDMpGkiLPa4Grt3U9Vvbz4MPDW5T3VoofTq6cA",
  "tngVault": "CgsFJKfGZAE3i1rQfVA6YHZxMZPtStFkK9NocqChzJqd",
  "solVault": "GaZGj2UDWA96ND9ZaxXogzC3sArhHkoE5ueht4xC7Ud3",
  "lpMint": "7DZ2Dbu7VK3me3QzjruxUQGUM3hFYkH1m8y5Aw18stmF",
  "bump": 254,
  "timestamp": "2025-09-08T08:53:11.750Z",
  "txSignature": "3dow33KHkNoK7pBmnMiyYGwdAo7ygy46aBRCk8fmNVrTmZHkczYkikbiRh6A9jX6K1tSRnG7pRGA1JYxKZSnNwS9"
}